,False,True,accuracy,macro avg,weighted avg
precision,0.9083858458555502,0.5508684863523573,0.8499594484995945,0.7296271661039537,0.8487996192716848
recall,0.9119221411192214,0.5401459854014599,0.8499594484995945,0.7260340632603406,0.8499594484995945
f1-score,0.9101505585235551,0.5454545454545454,0.8499594484995945,0.7278025519890503,0.84936788967872
support,2055.0,411.0,0.8499594484995945,2466.0,2466.0
